{"vcount":108,"icount":348,"isAnimated":false,"vertices":[2.470387,2.211474,-2.148726,2.470387,2.211474,1.162101,-2.470387,2.211474,1.1621,-2.470386,2.211474,-2.148726,2.470388,2.914637,-2.851888,-2.470386,2.914637,-2.851888,2.470388,8.002519,-2.851885,-2.470386,8.002519,-2.851886,1.250313,8.792717,-2.851885,-1.250311,8.792717,-2.851886,-1.709332,2.211474,2.151755,1.709331,2.211474,2.151755,2.470386,3.084148,1.162101,1.892766,3.476524,1.162102,-1.89424,3.476524,1.1621,-2.470387,3.084148,1.1621,1.892768,8.002518,-1.742864,2.470388,8.002518,-2.086844,-2.470387,8.002518,-2.086845,-1.894238,8.002518,-1.742864,1.278526,8.400341,-1.742863,1.250313,8.792717,-2.086844,-1.279996,8.400341,-1.742864,-1.250312,8.792717,-2.086845,2.470388,3.787311,-2.086847,1.892768,4.179687,-1.742865,1.892768,3.476524,-1.039703,2.470387,3.084148,-1.383684,-1.434925,3.476524,1.759379,-1.709332,3.084148,2.151755,-2.470387,3.084148,-1.383685,-1.894239,3.476524,-1.039704,-1.894238,4.179687,-1.742866,-2.470386,3.787311,-2.086847,1.433451,3.476524,1.759381,1.70933,3.084148,2.151756,1.698639,1.685491,-1.356136,1.698639,1.685491,0.920389,-1.698638,1.685491,-1.356136,-1.698639,1.685491,0.920389,1.175337,1.68549,1.600877,-1.175338,1.68549,1.600877,1.698639,0.957321,-1.356136,1.698639,0.957321,0.920389,-1.698638,0.957321,-1.356136,-1.698639,0.957321,0.920389,1.175337,0.957321,1.600876,-1.175338,0.957321,1.600876,3.033784,0.004661,-2.727338,3.033784,0.004661,1.338556,-3.033783,0.004661,-2.727339,-3.033784,0.004661,1.338555,2.099162,0.00466,2.553912,-2.099163,0.00466,2.553912,1.437209,1.321406,0.83851,1.437209,1.321406,-1.087646,-1.437209,1.321406,0.838509,-0.994447,1.321406,1.414266,-1.437209,1.321406,-1.087646,0.994446,1.321406,1.414266,2.470387,2.211474,1.162101,-2.470386,8.002519,-2.851886,-2.470387,2.211474,1.1621,2.470388,8.002519,-2.851885,2.470388,8.002518,-2.086844,-2.470386,8.002519,-2.851886,1.250313,8.792717,-2.851885,2.470388,2.914637,-2.851888,2.470387,2.211474,-2.148726,-2.470386,2.914637,-2.851888,-1.250312,8.792717,-2.086845,1.250313,8.792717,-2.086844,2.470388,3.787311,-2.086847,-1.709332,3.084148,2.151755,-2.470387,3.084148,1.1621,-2.470386,3.787311,-2.086847,-2.470387,3.084148,-1.383685,1.70933,3.084148,2.151756,2.470386,3.084148,1.162101,2.470387,3.084148,-1.383684,2.470388,8.002518,-2.086844,-2.470387,8.002518,-2.086845,-1.698639,1.685491,0.920389,-1.698638,1.685491,-1.356136,-2.470386,2.211474,-2.148726,-1.437209,1.321406,-1.087646,-3.033783,0.004661,-2.727339,3.033784,0.004661,1.338556,3.033784,0.004661,-2.727338,-2.099163,0.00466,2.553912,-1.698638,0.957321,-1.356136,-3.033784,0.004661,1.338555,1.175337,1.68549,1.600877,1.698639,1.685491,0.920389,1.698639,1.685491,-1.356136,-1.698638,1.685491,-1.356136,-1.698639,1.685491,0.920389,-1.175338,1.68549,1.600877,-2.470387,3.084148,1.1621,1.698639,1.685491,0.920389,2.470388,8.002519,-2.851885,-2.470387,8.002518,-2.086845,-1.250311,8.792717,-2.851886,2.470386,3.084148,1.162101,1.698639,1.685491,-1.356136,2.099162,0.00466,2.553912,-3.033783,0.004661,-2.727339,-1.698638,1.685491,-1.356136],"texCoords":[0.94444,0.821998,0.941969,0.40137599999999996,0.809587,0.936372,0.650952,0.936372,0.643554,0.256085,0.617261,0.90268,0.643554,0.05467599999999995,0.839139,0.05467599999999995,0.890786,0.460012,0.729277,0.460012,0.723803,0.40137599999999996,0.880101,0.40137599999999996,0.955929,0.35804400000000003,0.500612,0.8414,0.142228,0.847172,0.655968,0.35804400000000003,0.481239,0.09957800000000006,0.984671,0.509424,0.635392,0.509424,0.143043,0.10724100000000003,0.425419,0.06494299999999997,0.890786,0.509424,0.198305,0.07019600000000004,0.729277,0.509424,0.869269,0.82495,0.54125,0.502758,0.538407,0.6138669999999999,0.902812,0.858493,0.191551,0.903003,0.713553,0.35804400000000003,0.687608,0.894558,0.097425,0.6048279999999999,0.092015,0.49264300000000005,0.653917,0.860867,0.453885,0.8971979999999999,0.884326,0.35804400000000003,0.988992,0.859807,0.905131,0.440937,0.688928,0.981121,0.798005,0.981121,0.860575,0.440937,0.743549,0.440937,0.871336,0.623375,0.822789,0.623375,0.947916,0.623375,0.731891,0.623375,0.804309,0.623375,0.750554,0.623375,0.975558,0.19741699999999995,0.889381,0.19741699999999995,0.947916,0.7464919999999999,0.889381,0.32602,0.804309,0.7464919999999999,0.863622,0.306211,0.822789,0.575751,0.871336,0.575751,0.731891,0.575751,0.750554,0.575751,0.682075,0.575751,0.804309,0.575751,0.944441,0.9799329999999999,0.635392,0.460012,0.670864,0.40137599999999996,0.668193,0.788456,0.668193,0.82495,0.617261,0.6589,0.691852,0.023395000000000055,0.910898,0.788456,0.643554,0.29545,0.839139,0.256085,0.194443,0.02111099999999999,0.427557,0.016843000000000052,0.616992,0.516797,0.159887,0.957245,0.073141,0.861977,0.017377,0.5077929999999999,0.015166,0.5975809999999999,0.486958,0.947551,0.56648,0.854235,0.618588,0.6058600000000001,0.543508,0.08737799999999996,0.081896,0.09677500000000006,0.705539,0.440937,0.808589,0.333106,0.839139,0.29545,0.947916,0.575751,0.975558,0.32602,0.822789,0.7464919999999999,0.871336,0.7464919999999999,0.750554,0.7464919999999999,0.682075,0.623375,0.731891,0.7464919999999999,0.804309,0.529335,0.822789,0.529335,0.871336,0.529335,0.947916,0.529335,0.731891,0.529335,0.750554,0.529335,0.809587,0.894559,0.988992,0.968403,0.984671,0.460012,0.653917,0.6589,0.790841,0.023395000000000055,0.902812,0.9799329999999999,0.674105,0.333106,0.863622,0.21722699999999995,0.682075,0.7464919999999999,0.682075,0.529335],"normals":[0.6848,-0.6182,-0.3858,0.8505,-0.44,0.2882,-0.8505,-0.44,0.2882,-0.6848,-0.6182,-0.3858,0.6302,-0.2971,-0.7173,-0.6302,-0.2971,-0.7173,0.6936,0.3771,-0.6137,-0.6936,0.3771,-0.6137,0.2157,0.73,-0.6485,-0.2157,0.73,-0.6485,-0.4165,-0.4134,0.8097,0.4165,-0.4134,0.8097,0.8612,0.425,0.2787,0.3396,0.9295,0.1439,-0.3402,0.9292,0.1441,-0.8614,0.4245,0.2788,0.3145,0.2635,0.9119,0.807,0.4092,0.4258,-0.8072,0.4093,0.4254,-0.315,0.2639,0.9116,0.1457,0.4027,0.9037,0.2489,0.892,0.3773,-0.1461,0.403,0.9034,-0.2488,0.8921,0.3771,0.9439,0.1444,0.297,0.3493,0.3187,0.8811,0.3707,0.8693,0.327,0.9465,0.2925,0.1361,-0.168,0.9063,0.3878,-0.4148,0.3857,0.8241,-0.9467,0.292,0.136,-0.3714,0.869,0.3268,-0.35,0.3186,0.8809,-0.944,0.1443,0.2965,0.1675,0.9064,0.3876,0.4149,0.386,0.8239,0.3653,-0.8585,-0.36,0.6269,-0.7491,0.2141,-0.3653,-0.8585,-0.36,-0.6269,-0.7491,0.2141,0.2843,-0.7171,0.6363,-0.2843,-0.7171,0.6363,0.3734,0.8515,-0.3681,0.6357,0.7407,0.2171,-0.3734,0.8515,-0.3681,-0.6357,0.7407,0.2171,0.2886,0.7076,0.6449,-0.2886,0.7076,0.6449,0.6947,-0.1681,-0.6994,0.9175,-0.2509,0.3086,-0.6947,-0.1681,-0.6994,-0.9175,-0.2509,0.3086,0.473,-0.2549,0.8433,-0.473,-0.2549,0.8433,0.9456,0,0.3254,0.713,0,-0.7012,-0.9456,0,0.3254,-0.382,0,0.9241,-0.713,0,-0.7012,0.382,0,0.9241,0.8505,-0.44,0.2882,-0.6936,0.3771,-0.6137,-0.8505,-0.44,0.2882,0.6936,0.3771,-0.6137,0.807,0.4092,0.4258,-0.6936,0.3771,-0.6137,0.2157,0.73,-0.6485,0.6302,-0.2971,-0.7173,0.6848,-0.6182,-0.3858,-0.6302,-0.2971,-0.7173,-0.2488,0.8921,0.3771,0.2489,0.892,0.3773,0.9439,0.1444,0.297,-0.4148,0.3857,0.8241,-0.8614,0.4245,0.2788,-0.944,0.1443,0.2965,-0.9467,0.292,0.136,0.4149,0.386,0.8239,0.8612,0.425,0.2787,0.9465,0.2925,0.1361,0.807,0.4092,0.4258,-0.8072,0.4093,0.4254,-0.6269,-0.7491,0.2141,-0.3653,-0.8585,-0.36,-0.6848,-0.6182,-0.3858,-0.713,0,-0.7012,-0.6947,-0.1681,-0.6994,0.9175,-0.2509,0.3086,0.6947,-0.1681,-0.6994,-0.473,-0.2549,0.8433,-0.3734,0.8515,-0.3681,-0.9175,-0.2509,0.3086,0.2843,-0.7171,0.6363,0.6269,-0.7491,0.2141,0.3653,-0.8585,-0.36,-0.3653,-0.8585,-0.36,-0.6269,-0.7491,0.2141,-0.2843,-0.7171,0.6363,-0.8614,0.4245,0.2788,0.6269,-0.7491,0.2141,0.6936,0.3771,-0.6137,-0.8072,0.4093,0.4254,-0.2157,0.73,-0.6485,0.8612,0.425,0.2787,0.3653,-0.8585,-0.36,0.473,-0.2549,0.8433,-0.6947,-0.1681,-0.6994,-0.3653,-0.8585,-0.36],