{"vcount":236,"icount":408,"isAnimated":false,"vertices":[0.519309,1.354041,0.229326,0.519309,2.316194,-0.018842,0.519309,1.354041,-0.372806,0.519309,2.316194,-0.372806,1.419264,1.354041,0.229326,1.419264,2.316194,-0.018842,1.419264,1.354041,-0.372806,1.419264,2.316194,-0.372806,-1.398263,1.354041,0.229326,-1.398263,2.316194,-0.018842,-1.398263,1.354041,-0.372806,-1.398263,2.316194,-0.372806,0.432659,1.354041,0.229326,0.432659,2.316194,-0.018842,0.432659,1.354041,-0.372806,0.432659,2.316194,-0.372806,1.582824,1.833155,0.157773,1.582824,1.469063,0.256696,1.582824,1.812126,0.080373,1.582824,1.448033,0.179296,1.517965,1.378921,0.214118,1.517965,2.357955,-0.051883,1.517965,1.342483,0.080005,1.517965,2.321517,-0.185996,2.209866,1.378921,0.214118,2.209866,2.357955,-0.051883,2.209866,1.342483,0.080005,2.209866,2.321517,-0.185996,-2.145601,1.833155,0.157773,-2.145601,1.469063,0.256696,-2.145601,1.812126,0.080373,-2.145601,1.448033,0.179296,-1.583419,1.833155,0.157773,-1.583419,1.469063,0.256696,-1.583419,1.812126,0.080373,-1.583419,1.448033,0.179296,-2.145601,2.277917,0.036933,-2.145601,1.913825,0.135856,-2.145601,2.256887,-0.040467,-2.145601,1.892795,0.058456,-1.583419,2.277917,0.036933,-1.583419,1.913825,0.135856,-1.583419,2.256887,-0.040467,-1.583419,1.892795,0.058456,-2.21046,1.378921,0.214118,-2.21046,2.357955,-0.051883,-2.21046,1.342483,0.080005,-2.21046,2.321517,-0.185996,-1.518559,1.378921,0.214118,-1.518559,2.357955,-0.051883,-1.518559,1.342483,0.080005,-1.518559,2.321517,-0.185996,-2.328752,0.000234,0.349086,-2.328752,2.432476,-0.170261,-2.328752,0.000234,-1.049083,-2.328752,2.432476,-1.049083,2.328752,0.000234,0.349086,2.328752,2.432476,-0.170261,2.328752,0.000234,-1.049083,2.328752,2.432476,-1.049083,-2.328752,1.25823,0.147054,-2.328752,0.720621,-1.049083,2.328752,0.720621,-1.049083,2.328752,1.25823,0.147054,2.328752,0.879185,0.551118,-2.328752,0.879185,0.551118,2.328752,0.720621,0.349086,-2.328752,0.720621,0.349086,-2.095877,0.000234,0.41643,-2.095877,1.25823,0.147054,-2.095877,0.879185,0.551118,-2.095877,0.652174,0.551118,2.107521,0.000234,0.41643,2.107521,1.25823,0.147054,2.107521,0.879185,0.551118,2.107521,0.652174,0.551118,2.107521,0.652174,0.551118,-2.095877,0.652174,0.551118,2.328752,0.720621,1.218351,2.328752,0.000234,1.218351,2.107521,0.000234,1.218351,-2.328752,0.720621,1.218351,-2.328752,0.879185,1.218351,-2.095877,0.879185,1.218351,2.328752,0.879185,1.218351,-2.328752,0.000234,1.218351,-2.095877,0.720621,1.218351,-2.095877,0.000234,1.218351,2.107521,0.879185,1.218351,2.107521,0.720621,1.218351,1.582824,1.833155,0.157773,1.582824,1.469063,0.256696,1.582824,1.812126,0.080373,1.582824,1.448033,0.179296,2.145006,1.833155,0.157773,2.145006,1.469063,0.256696,2.145006,1.812126,0.080373,2.145006,1.448033,0.179296,1.582824,2.277917,0.036933,1.582824,1.913825,0.135856,1.582824,2.256887,-0.040467,1.582824,1.892795,0.058456,2.145006,2.277917,0.036933,2.145006,1.913825,0.135856,2.145006,2.256887,-0.040467,2.145006,1.892795,0.058456,1.419264,2.316194,-0.018842,0.519309,1.354041,0.229326,1.419264,1.354041,0.229326,1.419264,1.354041,-0.372806,0.519309,1.354041,0.229326,0.519309,1.354041,-0.372806,1.419264,2.316194,-0.018842,0.432659,2.316194,-0.018842,-1.398263,1.354041,0.229326,0.432659,1.354041,0.229326,0.432659,1.354041,-0.372806,-1.398263,1.354041,0.229326,-1.398263,1.354041,-0.372806,0.432659,2.316194,-0.018842,2.209866,2.357955,-0.051883,1.517965,1.378921,0.214118,2.209866,1.378921,0.214118,2.209866,1.342483,0.080005,1.517965,1.378921,0.214118,1.517965,1.342483,0.080005,2.209866,2.357955,-0.051883,-2.145601,1.833155,0.157773,-1.583419,1.833155,0.157773,-2.145601,1.833155,0.157773,-1.583419,1.812126,0.080373,-1.583419,1.469063,0.256696,-2.145601,1.448033,0.179296,-1.583419,1.448033,0.179296,-2.145601,2.277917,0.036933,-1.583419,2.277917,0.036933,-2.145601,2.277917,0.036933,-1.583419,2.256887,-0.040467,-2.145601,1.892795,0.058456,-1.583419,1.913825,0.135856,-1.583419,1.892795,0.058456,-1.518559,2.357955,-0.051883,-2.21046,1.378921,0.214118,-1.518559,1.378921,0.214118,-1.518559,1.342483,0.080005,-2.21046,1.378921,0.214118,-2.21046,1.342483,0.080005,-1.518559,2.357955,-0.051883,-2.328752,2.432476,-0.170261,-2.328752,1.25823,0.147054,-2.328752,1.25823,0.147054,-2.095877,1.25823,0.147054,2.328752,2.432476,-0.170261,2.328752,2.432476,-0.170261,2.107521,1.25823,0.147054,2.328752,1.25823,0.147054,2.328752,0.879185,0.551118,2.328752,1.25823,0.147054,-2.328752,0.720621,1.218351,-2.095877,0.720621,1.218351,2.328752,0.720621,1.218351,2.107521,0.652174,0.551118,2.107521,0.000234,1.218351,2.107521,0.720621,1.218351,-2.328752,0.879185,0.551118,-2.095877,0.879185,1.218351,-2.095877,0.879185,0.551118,2.107521,0.879185,1.218351,2.107521,0.879185,0.551118,2.328752,0.000234,1.218351,2.328752,0.879185,1.218351,2.328752,0.879185,0.551118,-2.095877,0.652174,0.551118,-2.095877,0.000234,1.218351,-2.095877,0.000234,0.41643,2.145006,1.833155,0.157773,1.582824,1.833155,0.157773,2.145006,1.812126,0.080373,2.145006,1.469063,0.256696,2.145006,1.448033,0.179296,1.582824,2.277917,0.036933,2.145006,2.277917,0.036933,1.582824,2.277917,0.036933,2.145006,2.256887,-0.040467,2.145006,1.913825,0.135856,1.582824,1.892795,0.058456,2.145006,1.892795,0.058456,0.519309,2.316194,-0.372806,1.419264,2.316194,-0.372806,0.519309,2.316194,-0.018842,1.419264,1.354041,0.229326,0.519309,2.316194,-0.018842,-1.398263,2.316194,-0.372806,0.432659,2.316194,-0.372806,-1.398263,2.316194,-0.018842,0.432659,1.354041,0.229326,-1.398263,2.316194,-0.018842,1.517965,2.321517,-0.185996,2.209866,2.321517,-0.185996,1.517965,2.357955,-0.051883,2.209866,1.378921,0.214118,1.517965,2.357955,-0.051883,-2.145601,1.812126,0.080373,-1.583419,1.469063,0.256696,-2.145601,1.469063,0.256696,-1.583419,1.833155,0.157773,-2.145601,1.469063,0.256696,-2.145601,2.256887,-0.040467,-1.583419,1.913825,0.135856,-2.145601,1.913825,0.135856,-1.583419,2.277917,0.036933,-2.145601,1.913825,0.135856,-2.21046,2.321517,-0.185996,-1.518559,2.321517,-0.185996,-2.21046,2.357955,-0.051883,-1.518559,1.378921,0.214118,-2.21046,2.357955,-0.051883,-2.328752,2.432476,-1.049083,2.328752,2.432476,-1.049083,-2.328752,0.879185,0.551118,2.328752,0.879185,1.218351,-2.328752,2.432476,-0.170261,2.107521,0.720621,1.218351,-2.328752,0.879185,1.218351,-2.328752,0.000234,1.218351,2.107521,0.000234,0.41643,-2.328752,0.879185,1.218351,-2.095877,0.720621,1.218351,2.145006,1.469063,0.256696,2.145006,1.833155,0.157773,1.582824,1.469063,0.256696,1.582824,2.256887,-0.040467,2.145006,1.913825,0.135856,1.582824,1.913825,0.135856,2.145006,2.277917,0.036933,1.582824,1.913825,0.135856],