{"vcount":88,"icount":156,"isAnimated":false,"vertices":[-0.193279,-1.507309,-0.156545,-0.193279,-1.507309,0.156545,-7.089895,-1.507309,0.156545,-7.089893,-1.507309,-0.156545,-0.193277,1.507309,-0.156545,-0.193281,1.507309,0.156545,-7.089896,1.507309,0.156545,-7.089895,1.507309,-0.156545,-0.31445,-1.454343,0.156545,-6.968723,-1.454343,0.156545,-0.314452,1.454343,0.156545,-6.968724,1.454343,0.156545,-0.424141,-1.406396,-0.030217,-6.859034,-1.406396,-0.030217,-0.424143,1.406396,-0.030217,-6.859034,1.406396,-0.030217,7.089894,-1.507309,-0.156545,7.089894,-1.507309,0.156545,0.193278,-1.507309,0.156545,0.19328,-1.507309,-0.156545,7.089896,1.507309,-0.156545,7.089891,1.507309,0.156545,0.193276,1.507309,0.156545,0.193278,1.507309,-0.156545,6.968723,-1.454343,0.156545,0.314449,-1.454343,0.156545,6.96872,1.454343,0.156545,0.314448,1.454343,0.156545,6.859032,-1.406396,-0.030217,0.424139,-1.406396,-0.030217,6.85903,1.406396,-0.030217,0.424138,1.406396,-0.030217,-0.193277,1.507309,-0.156545,-0.193279,-1.507309,0.156545,-0.193279,-1.507309,-0.156545,-0.193279,-1.507309,0.156545,-7.089893,-1.507309,-0.156545,-7.089895,-1.507309,0.156545,-6.968723,-1.454343,0.156545,-7.089896,1.507309,0.156545,-0.193281,1.507309,0.156545,-6.968724,1.454343,0.156545,-0.31445,-1.454343,0.156545,-6.859034,-1.406396,-0.030217,-6.968723,-1.454343,0.156545,-6.968724,1.454343,0.156545,-0.424143,1.406396,-0.030217,-0.314452,1.454343,0.156545,-0.31445,-1.454343,0.156545,-0.424143,1.406396,-0.030217,-0.424141,-1.406396,-0.030217,7.089896,1.507309,-0.156545,7.089894,-1.507309,0.156545,7.089894,-1.507309,-0.156545,7.089894,-1.507309,0.156545,0.19328,-1.507309,-0.156545,0.193278,-1.507309,0.156545,0.314449,-1.454343,0.156545,7.089891,1.507309,0.156545,0.314448,1.454343,0.156545,0.193276,1.507309,0.156545,6.968723,-1.454343,0.156545,0.424139,-1.406396,-0.030217,0.314449,-1.454343,0.156545,0.314448,1.454343,0.156545,6.85903,1.406396,-0.030217,6.96872,1.454343,0.156545,6.968723,-1.454343,0.156545,6.85903,1.406396,-0.030217,6.859032,-1.406396,-0.030217,-7.089895,-1.507309,0.156545,-7.089896,1.507309,0.156545,-0.193281,1.507309,0.156545,-7.089895,1.507309,-0.156545,-6.859034,-1.406396,-0.030217,-6.859034,1.406396,-0.030217,-0.424141,-1.406396,-0.030217,-6.859034,1.406396,-0.030217,-0.314452,1.454343,0.156545,0.193278,-1.507309,0.156545,0.193276,1.507309,0.156545,7.089891,1.507309,0.156545,0.193278,1.507309,-0.156545,0.424139,-1.406396,-0.030217,0.424138,1.406396,-0.030217,6.859032,-1.406396,-0.030217,0.424138,1.406396,-0.030217,6.96872,1.454343,0.156545],"texCoords":[0.809161,0.94422,0.809161,0.983232,0.162255,0.978726,0.976088,0.94422,0.642234,0.94422,0.642234,0.983232,0.475307,0.983232,0.475307,0.94422,0.271549,0.963318,0.189022,0.963318,0.271549,0.90745,0.189022,0.90745,0.980908,0.86894,0.021053,0.86894,0.980907,0.449373,0.220873,0.92783,0.809161,0.888066,0.809161,0.927077,0.017567,0.978726,0.976088,0.888066,0.642234,0.888066,0.642234,0.927077,0.475307,0.927077,0.475307,0.888066,0.12686,0.963318,0.044334,0.963318,0.12686,0.90745,0.044334,0.90745,0.980908,0.43798499999999996,0.021053,0.43798499999999996,0.980907,0.018418000000000045,0.076185,0.92783,0.642234,0.94422,0.809161,0.983232,0.809161,0.94422,0.298316,0.978726,0.30838,0.94422,0.30838,0.983232,0.189022,0.963318,0.162255,0.892041,0.298316,0.892041,0.189022,0.90745,0.271549,0.963318,0.220873,0.942938,0.189022,0.963318,0.189022,0.90745,0.239698,0.92783,0.271549,0.90745,0.271549,0.963318,0.239698,0.92783,0.239698,0.942938,0.642234,0.888066,0.809161,0.927077,0.809161,0.888066,0.153628,0.978726,0.30838,0.888066,0.30838,0.927077,0.044334,0.963318,0.153628,0.892041,0.044334,0.90745,0.017567,0.892041,0.12686,0.963318,0.076185,0.942938,0.044334,0.963318,0.044334,0.90745,0.09501,0.92783,0.12686,0.90745,0.12686,0.963318,0.09501,0.92783,0.09501,0.942938,0.976088,0.983232,0.475307,0.983232,0.642234,0.983232,0.475307,0.94422,0.220873,0.942938,0.021053,0.449373,0.239698,0.942938,0.220873,0.92783,0.271549,0.90745,0.976088,0.927077,0.475307,0.927077,0.642234,0.927077,0.475307,0.888066,0.076185,0.942938,0.021053,0.018418000000000045,0.09501,0.942938,0.076185,0.92783,0.12686,0.90745],"normals":[0,-1,0,0,-1,0,0,0,1,0,-1,0,0,1,0,0,1,0,-1,0,0,0,1,0,0,0,1,0,0,1,0,0,1,0.8623,0,0.5064,0,0,1,0,0,1,0,0,1,0.8623,0,0.5064,0,-1,0,0,-1,0,0,0,1,0,-1,0,0,1,0,0,1,0,-1,0,0,0,1,0,0,0,1,0,0,1,0,0,1,0.8623,0,0.5064,0,0,1,0,0,1,0,0,1,0.8623,0,0.5064,1,0,0,1,0,0,1,0,0,0,0,1,-1,0,0,-1,0,0,0.8623,0,0.5064,0,0,1,0,0,1,0,0,1,0,0.9686,0.2487,0,0.9686,0.2487,0,0.9686,0.2487,0,-0.9686,0.2487,0,-0.9686,0.2487,0,-0.9686,0.2487,-0.8623,0,0.5064,-0.8623,0,0.5064,-0.8623,0,0.5064,1,0,0,1,0,0,1,0,0,0,0,1,-1,0,0,-1,0,0,0.8623,0,0.5064,0,0,1,0,0,1,0,0,1,0,0.9686,0.2487,0,0.9686,0.2487,0,0.9686,0.2487,0,-0.9686,0.2487,0,-0.9686,0.2487,0,-0.9686,0.2487,-0.8623,0,0.5064,-0.8623,0,0.5064,-0.8623,0,0.5064,0,-1,0,0,1,0,1,0,0,-1,0,0,0.8623,0,0.5064,0,0,1,0,0.9686,0.2487,0,-0.9686,0.2487,-0.8623,0,0.5064,0,-1,0,0,1,0,1,0,0,-1,0,0,0.8623,0,0.5064,0,0,1,0,0.9686,0.2487,0,-0.9686,0.2487,-0.8623,0,0.5064],"indices":[1,3,0,7,5,4,32,33,34,35,9,2,6,36,37,38,15,11,39,10,40,2,41,39,40,8,35,14,13,12,42,43,44,45,46,47,48,49,50,17,19,16,23,21,20,51,52,53,54,25,18,22,55,56,57,31,27,58,59,26,18,59,60,58,24,54,30,29,28,61,62,63,64,65,66,67,68,69,1,70,3,7,71,5,32,72,33,35,8,9,6,73,36,38,74,15,39,41,10,2,9,41,40,10,8,14,75,13,42,76,43,45,77,46,48,78,49,17,79,19,23,80,21,51,81,52,54,24,25,22,82,55,57,83,31,58,60,59,18,25,59,58,26,24,30,84,29,61,85,62,64,86,65,67,87,68],"animations":[]}